/notes/updating/index.{html} /notes/updating/
/An-overview-of-the-Honey-protocol/index.{html} /An-overview-of-the-Honey-protocol/
/_DRAFTs/_DRAFT-1Hive-Protocol-2.0/index.{html} /_DRAFTs/_DRAFT-1Hive-Protocol-2.0/
/notes/config/index.{html} /notes/config/
/notes/obsidian/index.{html} /notes/obsidian/
/notes/showcase/index.{html} /notes/showcase/
/How-you-can-contribute-to-1Hive-regardless-of-skill-or-talent/index.{html} /How-you-can-contribute-to-1Hive-regardless-of-skill-or-talent/
/The-cult-of-1Hive-discord-server/index.{html} /The-cult-of-1Hive-discord-server/
/_DRAFTs/_DRAFT-Why-I-own-and-operate-1Hive-LLC/index.{html} /_DRAFTs/_DRAFT-Why-I-own-and-operate-1Hive-LLC/
/notes/hosting/index.{html} /notes/hosting/
/we-are-all-1Hive/index.{html} /we-are-all-1Hive/
/How-to-support-our-work-using-Honey/index.{html} /How-to-support-our-work-using-Honey/
/_DRAFTs/_DRAFT-1hive.org-2.0/index.{html} /_DRAFTs/_DRAFT-1hive.org-2.0/
/honey-is-money/index.{html} /honey-is-money/
/notes/custom-Domain/index.{html} /notes/custom-Domain/
/notes/editing/index.{html} /notes/editing/
/notes/troubleshooting/index.{html} /notes/troubleshooting/
/notes/docker/index.{html} /notes/docker/
/1Hive-LLC/index.{html} /1Hive-LLC/
/Understanding-the-implications-of-sufficient-decentralization/index.{html} /Understanding-the-implications-of-sufficient-decentralization/
/notes/ignore-notes/index.{html} /notes/ignore-notes/
/notes/setup/index.{html} /notes/setup/
/together-we-thrive/index.{html} /together-we-thrive/
/notes/callouts/index.{html} /notes/callouts/
/notes/philosophy/index.{html} /notes/philosophy/
/notes/search/index.{html} /notes/search/
/A-brief-primer-on-the-technological-singularity/index.{html} /A-brief-primer-on-the-technological-singularity/
/A-short-history-of-Honey/index.{html} /A-short-history-of-Honey/
/_DRAFTs/_DRAFT-Community-Covenant-2.0/index.{html} /_DRAFTs/_DRAFT-Community-Covenant-2.0/
/index.html /
/crypto-currencies/index.{html} /crypto-currencies/
/views-expressed-are-ours-alone/index.{html} /views-expressed-are-ours-alone/
/web3-communities-are-DAOs/index.{html} /web3-communities-are-DAOs/
/notes/preview-changes/index.{html} /notes/preview-changes/
/we-work-together-to-increase-the-social-political-and-financial-capital-of-our-membership/index.{html} /we-work-together-to-increase-the-social-political-and-financial-capital-of-our-membership/
/1Hive-community-covenant/index.{html} /1Hive-community-covenant/
/Members-of-the-1Hive-community/index.{html} /Members-of-the-1Hive-community/
/Why-you-shouldnt-take-1Hive-too-seriously/index.{html} /Why-you-shouldnt-take-1Hive-too-seriously/
/_DRAFTs/_DRAFT-Revisiting-the-vision-of-the-1Hive-DAO/index.{html} /_DRAFTs/_DRAFT-Revisiting-the-vision-of-the-1Hive-DAO/
/notes/CJK-+-Latex-Support-%E6%B5%8B%E8%AF%95/index.{html} /notes/CJK-+-Latex-Support-%E6%B5%8B%E8%AF%95/
